{"Mean":{"confidence_interval":{"confidence_level":0.95,"lower_bound":1506.3471240861988,"upper_bound":1539.6890545230247},"point_estimate":1522.1316326410865,"standard_error":8.510373982720035},"Median":{"confidence_interval":{"confidence_level":0.95,"lower_bound":1485.5890945827873,"upper_bound":1517.8808431629532},"point_estimate":1497.5225634387461,"standard_error":7.213915592694366},"MedianAbsDev":{"confidence_interval":{"confidence_level":0.95,"lower_bound":38.21727634388597,"upper_bound":65.78405556986266},"point_estimate":48.374025810808625,"standard_error":6.7337659759209645},"Slope":{"confidence_interval":{"confidence_level":0.95,"lower_bound":1492.0451892337283,"upper_bound":1515.492798658669},"point_estimate":1503.0599582024477,"standard_error":5.995956145771033},"StdDev":{"confidence_interval":{"confidence_level":0.95,"lower_bound":61.01344386659302,"upper_bound":109.07420060955901},"point_estimate":85.70161473979371,"standard_error":12.375293019527318}}