{"Mean":{"confidence_interval":{"confidence_level":0.95,"lower_bound":1453.1983393079274,"upper_bound":1520.5195971637595},"point_estimate":1484.0695874650626,"standard_error":17.264833343965574},"Median":{"confidence_interval":{"confidence_level":0.95,"lower_bound":1403.7974605556005,"upper_bound":1445.0350164004576},"point_estimate":1415.0704894995151,"standard_error":9.66904792550711},"MedianAbsDev":{"confidence_interval":{"confidence_level":0.95,"lower_bound":34.60847221106211,"upper_bound":86.92776053684706},"point_estimate":52.242308391314324,"standard_error":12.938017182879895},"Slope":{"confidence_interval":{"confidence_level":0.95,"lower_bound":1434.527771295183,"upper_bound":1493.0879416953196},"point_estimate":1462.5962809865605,"standard_error":14.991012595654968},"StdDev":{"confidence_interval":{"confidence_level":0.95,"lower_bound":105.36038266426335,"upper_bound":228.2093165609904},"point_estimate":172.51881948805647,"standard_error":31.295302395306326}}