{"Mean":{"confidence_interval":{"confidence_level":0.95,"lower_bound":1397.828491979628,"upper_bound":1418.4383259629124},"point_estimate":1407.877269134313,"standard_error":5.254322982251569},"Median":{"confidence_interval":{"confidence_level":0.95,"lower_bound":1380.5346810885053,"upper_bound":1402.0196577597428},"point_estimate":1390.2626763135295,"standard_error":5.7344885821315295},"MedianAbsDev":{"confidence_interval":{"confidence_level":0.95,"lower_bound":26.213266044527487,"upper_bound":50.99580262405551},"point_estimate":40.04299214986689,"standard_error":6.6886510176263085},"Slope":{"confidence_interval":{"confidence_level":0.95,"lower_bound":1402.0519074898727,"upper_bound":1429.523761755342},"point_estimate":1415.8360979356994,"standard_error":7.009957338470059},"StdDev":{"confidence_interval":{"confidence_level":0.95,"lower_bound":43.525009286986545,"upper_bound":61.00488322130318},"point_estimate":52.70307995863002,"standard_error":4.458100010116435}}