{"Mean":{"confidence_interval":{"confidence_level":0.95,"lower_bound":1515.5926606525825,"upper_bound":1544.8449641072175},"point_estimate":1529.1123563854471,"standard_error":7.488726488715428},"Median":{"confidence_interval":{"confidence_level":0.95,"lower_bound":1504.2040165712724,"upper_bound":1519.9515499932168},"point_estimate":1511.9168803947641,"standard_error":4.464336365242756},"MedianAbsDev":{"confidence_interval":{"confidence_level":0.95,"lower_bound":27.692815164486326,"upper_bound":52.22468818680392},"point_estimate":40.45617820569018,"standard_error":6.395508816166996},"Slope":{"confidence_interval":{"confidence_level":0.95,"lower_bound":1511.289950827715,"upper_bound":1528.6346027184218},"point_estimate":1519.5333121885985,"standard_error":4.412680301359407},"StdDev":{"confidence_interval":{"confidence_level":0.95,"lower_bound":47.123185593831124,"upper_bound":103.05512797451944},"point_estimate":74.99779061720159,"standard_error":14.818556395348006}}