{"Mean":{"confidence_interval":{"confidence_level":0.95,"lower_bound":1518.823375047139,"upper_bound":1593.3906615832536},"point_estimate":1553.8159632502907,"standard_error":19.00662124948188},"Median":{"confidence_interval":{"confidence_level":0.95,"lower_bound":1479.578160667252,"upper_bound":1512.8293209876542},"point_estimate":1496.897980951022,"standard_error":8.787323627445739},"MedianAbsDev":{"confidence_interval":{"confidence_level":0.95,"lower_bound":59.110176394023505,"upper_bound":113.71000358418502},"point_estimate":83.61258667344167,"standard_error":14.23190943471869},"Slope":{"confidence_interval":{"confidence_level":0.95,"lower_bound":1514.004404810291,"upper_bound":1578.4491691546548},"point_estimate":1544.312767787446,"standard_error":16.42909401616077},"StdDev":{"confidence_interval":{"confidence_level":0.95,"lower_bound":130.83326719441132,"upper_bound":245.67699744883825},"point_estimate":191.09383542721883,"standard_error":29.373517114701645}}