{"Mean":{"confidence_interval":{"confidence_level":0.95,"lower_bound":1602.4077708269774,"upper_bound":1653.9649136863457},"point_estimate":1626.030860093287,"standard_error":13.156326366131504},"Median":{"confidence_interval":{"confidence_level":0.95,"lower_bound":1577.9143130434782,"upper_bound":1603.824},"point_estimate":1588.0494174603173,"standard_error":6.510516496316941},"MedianAbsDev":{"confidence_interval":{"confidence_level":0.95,"lower_bound":36.10100879627609,"upper_bound":55.990275277449186},"point_estimate":47.61734032259229,"standard_error":5.109445834210921},"Slope":{"confidence_interval":{"confidence_level":0.95,"lower_bound":1603.9974567512863,"upper_bound":1668.5407648221842},"point_estimate":1632.3276783921974,"standard_error":16.600677642495903},"StdDev":{"confidence_interval":{"confidence_level":0.95,"lower_bound":80.87427430952138,"upper_bound":180.60671782240829},"point_estimate":132.34245061198624,"standard_error":25.883524256157806}}