{"Mean":{"confidence_interval":{"confidence_level":0.95,"lower_bound":-0.05568990990205404,"upper_bound":-0.03372913049058093},"point_estimate":-0.044759618185525096,"standard_error":0.005592263943418308},"Median":{"confidence_interval":{"confidence_level":0.95,"lower_bound":-0.0437229407006301,"upper_bound":-0.028372860726937232},"point_estimate":-0.03664104349921482,"standard_error":0.003965704149569059}}