{"Mean":{"confidence_interval":{"confidence_level":0.95,"lower_bound":-0.0014331581728427951,"upper_bound":0.037224537693797716},"point_estimate":0.01778745635497403,"standard_error":0.009947048396942937},"Median":{"confidence_interval":{"confidence_level":0.95,"lower_bound":-0.01405468515316266,"upper_bound":0.021730184961653326},"point_estimate":-0.0016607453443030495,"standard_error":0.007784977798836798}}