{"Mean":{"confidence_interval":{"confidence_level":0.95,"lower_bound":-0.035630019577245924,"upper_bound":0.0006899009218540016},"point_estimate":-0.017795316639043546,"standard_error":0.009272345604332138},"Median":{"confidence_interval":{"confidence_level":0.95,"lower_bound":-0.022801174645512012,"upper_bound":0.012456778426317427},"point_estimate":-0.0032222510486598077,"standard_error":0.008262953118052977}}