{"Mean":{"confidence_interval":{"confidence_level":0.95,"lower_bound":-0.00906206792507629,"upper_bound":0.01087071088497211},"point_estimate":0.000672577973784394,"standard_error":0.005083137995138556},"Median":{"confidence_interval":{"confidence_level":0.95,"lower_bound":-0.01427648136468429,"upper_bound":0.0000790073051506468},"point_estimate":-0.009672917613759213,"standard_error":0.0037748500329817815}}