{"Mean":{"confidence_interval":{"confidence_level":0.95,"lower_bound":0.06056866401573245,"upper_bound":0.12545350975113478},"point_estimate":0.08915509583840175,"standard_error":0.01670193247551166},"Median":{"confidence_interval":{"confidence_level":0.95,"lower_bound":0.024731696691409955,"upper_bound":0.06653380824925348},"point_estimate":0.03974424100052665,"standard_error":0.010797574549114978}}