{"Mean":{"confidence_interval":{"confidence_level":0.95,"lower_bound":-0.1297996921585094,"upper_bound":-0.09712134299957305},"point_estimate":-0.11308363455800297,"standard_error":0.008327966874664142},"Median":{"confidence_interval":{"confidence_level":0.95,"lower_bound":-0.11495939035733505,"upper_bound":-0.08368498889579801},"point_estimate":-0.10048103680349318,"standard_error":0.008663856079874008}}