{"Mean":{"confidence_interval":{"confidence_level":0.95,"lower_bound":-0.07747427765326119,"upper_bound":-0.015221190774816455},"point_estimate":-0.04485130026032158,"standard_error":0.015862033069342207},"Median":{"confidence_interval":{"confidence_level":0.95,"lower_bound":-0.023366501506437615,"upper_bound":0.014402126611290688},"point_estimate":-0.0012019731835972713,"standard_error":0.009817443805868449}}