{"Mean":{"confidence_interval":{"confidence_level":0.95,"lower_bound":-0.06805143630034885,"upper_bound":-0.008175461357363798},"point_estimate":-0.038746331464477035,"standard_error":0.015261787837850963},"Median":{"confidence_interval":{"confidence_level":0.95,"lower_bound":-0.016012080619283497,"upper_bound":0.006542475782733269},"point_estimate":-0.004139995501193705,"standard_error":0.005581059300796759}}