{"Mean":{"confidence_interval":{"confidence_level":0.95,"lower_bound":1569.0107078147187,"upper_bound":1597.292553357867},"point_estimate":1582.2602751075544,"standard_error":7.228756695685453},"Median":{"confidence_interval":{"confidence_level":0.95,"lower_bound":1557.3535189710528,"upper_bound":1575.6580698835276},"point_estimate":1562.5210898502496,"standard_error":5.274359122275779},"MedianAbsDev":{"confidence_interval":{"confidence_level":0.95,"lower_bound":22.58157275309963,"upper_bound":42.31449057732261},"point_estimate":28.541521836223907,"standard_error":5.144412725835265},"Slope":{"confidence_interval":{"confidence_level":0.95,"lower_bound":1564.3997140645315,"upper_bound":1610.5568931363457},"point_estimate":1584.065507858805,"standard_error":11.918164809080883},"StdDev":{"confidence_interval":{"confidence_level":0.95,"lower_bound":44.81604566371567,"upper_bound":97.31937918257982},"point_estimate":72.8559568527226,"standard_error":13.473961982107392}}