{"Mean":{"confidence_interval":{"confidence_level":0.95,"lower_bound":1433.6989190214535,"upper_bound":1455.0417375106617},"point_estimate":1443.668445801703,"standard_error":5.4383266102248164},"Median":{"confidence_interval":{"confidence_level":0.95,"lower_bound":1434.387463609898,"upper_bound":1450.9419673638245},"point_estimate":1441.8096069868998,"standard_error":4.2224217495623835},"MedianAbsDev":{"confidence_interval":{"confidence_level":0.95,"lower_bound":24.075011007513492,"upper_bound":42.37956152579619},"point_estimate":29.03631431279502,"standard_error":4.46886535190568},"Slope":{"confidence_interval":{"confidence_level":0.95,"lower_bound":1429.9141839179138,"upper_bound":1448.9965314135297},"point_estimate":1439.4146216601716,"standard_error":4.865331502583219},"StdDev":{"confidence_interval":{"confidence_level":0.95,"lower_bound":36.01779966478198,"upper_bound":76.53705485489829},"point_estimate":54.843676144306244,"standard_error":11.560939066654793}}