{"Mean":{"confidence_interval":{"confidence_level":0.95,"lower_bound":1485.429595665367,"upper_bound":1601.4600781697043},"point_estimate":1535.6904896282326,"standard_error":29.972035248211338},"Median":{"confidence_interval":{"confidence_level":0.95,"lower_bound":1448.4992932105376,"upper_bound":1488.940514685839},"point_estimate":1467.163597618313,"standard_error":9.655113990986958},"MedianAbsDev":{"confidence_interval":{"confidence_level":0.95,"lower_bound":64.18435445753298,"upper_bound":120.62416071495952},"point_estimate":95.8755648532844,"standard_error":15.209290595445255},"Slope":{"confidence_interval":{"confidence_level":0.95,"lower_bound":1481.5964218965307,"upper_bound":1686.7976236490329},"point_estimate":1568.3140211614304,"standard_error":53.24591850096744},"StdDev":{"confidence_interval":{"confidence_level":0.95,"lower_bound":92.79592279849018,"upper_bound":450.74350298091787},"point_estimate":300.98377176724557,"standard_error":90.23423249920802}}