{"Mean":{"confidence_interval":{"confidence_level":0.95,"lower_bound":1499.4673390512598,"upper_bound":1522.6122771586433},"point_estimate":1510.9181522991867,"standard_error":5.905408106742059},"Median":{"confidence_interval":{"confidence_level":0.95,"lower_bound":1498.4485866728678,"upper_bound":1514.9085587454201},"point_estimate":1504.364531173294,"standard_error":4.528625461823509},"MedianAbsDev":{"confidence_interval":{"confidence_level":0.95,"lower_bound":27.922230089046852,"upper_bound":56.530486871705904},"point_estimate":42.19490062155618,"standard_error":7.1779651456164215},"Slope":{"confidence_interval":{"confidence_level":0.95,"lower_bound":1493.2912969086665,"upper_bound":1523.9247688611536},"point_estimate":1507.829283935098,"standard_error":7.805811700763429},"StdDev":{"confidence_interval":{"confidence_level":0.95,"lower_bound":48.84242129383531,"upper_bound":68.57905603335739},"point_estimate":59.21062323691492,"standard_error":5.045376802964097}}