{"Mean":{"confidence_interval":{"confidence_level":0.95,"lower_bound":1530.240535028242,"upper_bound":1578.6430214902214},"point_estimate":1553.411976655024,"standard_error":12.387883467333415},"Median":{"confidence_interval":{"confidence_level":0.95,"lower_bound":1490.3744292237443,"upper_bound":1535.94190098534},"point_estimate":1509.9818779071452,"standard_error":10.09390329807429},"MedianAbsDev":{"confidence_interval":{"confidence_level":0.95,"lower_bound":51.08022650816235,"upper_bound":99.58795447108365},"point_estimate":66.98891661027416,"standard_error":11.148041379334193},"Slope":{"confidence_interval":{"confidence_level":0.95,"lower_bound":1523.88060960813,"upper_bound":1583.4368607306153},"point_estimate":1552.0059910223285,"standard_error":15.207902215489858},"StdDev":{"confidence_interval":{"confidence_level":0.95,"lower_bound":94.76150979716269,"upper_bound":150.97030596805774},"point_estimate":124.37598273458758,"standard_error":14.394460209475154}}