{"Mean":{"confidence_interval":{"confidence_level":0.95,"lower_bound":1511.0697554851083,"upper_bound":1543.3507814148381},"point_estimate":1525.7685186595654,"standard_error":8.228963699875663},"Median":{"confidence_interval":{"confidence_level":0.95,"lower_bound":1490.913140630307,"upper_bound":1520.7800544323484},"point_estimate":1505.1163372176015,"standard_error":7.634059549139617},"MedianAbsDev":{"confidence_interval":{"confidence_level":0.95,"lower_bound":31.692089016115716,"upper_bound":60.28439343104393},"point_estimate":44.689725162686905,"standard_error":7.210725574451873},"Slope":{"confidence_interval":{"confidence_level":0.95,"lower_bound":1508.9266909172693,"upper_bound":1533.1738701124737},"point_estimate":1521.2084779833338,"standard_error":6.196051468012302},"StdDev":{"confidence_interval":{"confidence_level":0.95,"lower_bound":50.25909821374243,"upper_bound":118.35348146835523},"point_estimate":82.77325534014358,"standard_error":19.512524839118747}}