{"Mean":{"confidence_interval":{"confidence_level":0.95,"lower_bound":1569.3375341514434,"upper_bound":1595.2186495363394},"point_estimate":1581.7151170150537,"standard_error":6.616418518623416},"Median":{"confidence_interval":{"confidence_level":0.95,"lower_bound":1556.30506993007,"upper_bound":1572.441849152192},"point_estimate":1561.5825451372837,"standard_error":4.4989047423208115},"MedianAbsDev":{"confidence_interval":{"confidence_level":0.95,"lower_bound":22.74958351347638,"upper_bound":46.16343669115859},"point_estimate":33.20500989514748,"standard_error":5.675264048901943},"Slope":{"confidence_interval":{"confidence_level":0.95,"lower_bound":1566.229416532645,"upper_bound":1585.7158944403575},"point_estimate":1575.3907745450206,"standard_error":4.977562477571755},"StdDev":{"confidence_interval":{"confidence_level":0.95,"lower_bound":48.99627428031325,"upper_bound":82.07115771906011},"point_estimate":66.50653386457833,"standard_error":8.468445399964853}}