{"Mean":{"confidence_interval":{"confidence_level":0.95,"lower_bound":-0.0011370714186397922,"upper_bound":0.04971105883676841},"point_estimate":0.025647075782367912,"standard_error":0.0130378086058737},"Median":{"confidence_interval":{"confidence_level":0.95,"lower_bound":0.034915643553989135,"upper_bound":0.07265387443688409},"point_estimate":0.05826711428940401,"standard_error":0.008746033768002447}}