{"Mean":{"confidence_interval":{"confidence_level":0.95,"lower_bound":-0.08021591769706728,"upper_bound":-0.03309547775426994},"point_estimate":-0.056601204317800025,"standard_error":0.012097222298334383},"Median":{"confidence_interval":{"confidence_level":0.95,"lower_bound":-0.09289460124250844,"upper_bound":-0.05989805096947931},"point_estimate":-0.07777802100345932,"standard_error":0.00789439782317583}}