{"Mean":{"confidence_interval":{"confidence_level":0.95,"lower_bound":-0.1203700850866053,"upper_bound":-0.09999014339500763},"point_estimate":-0.11021132788117782,"standard_error":0.005216199767109012},"Median":{"confidence_interval":{"confidence_level":0.95,"lower_bound":-0.121125866430152,"upper_bound":-0.10293990840775814},"point_estimate":-0.11024389664604728,"standard_error":0.004608476535847002}}