{"Mean":{"confidence_interval":{"confidence_level":0.95,"lower_bound":-0.016176327051443295,"upper_bound":0.006234389313567416},"point_estimate":-0.005994913591307438,"standard_error":0.005718980977893722},"Median":{"confidence_interval":{"confidence_level":0.95,"lower_bound":-0.017059540917775434,"upper_bound":-0.0003445886988807656},"point_estimate":-0.011206510249869628,"standard_error":0.004449011655278575}}