{"Mean":{"confidence_interval":{"confidence_level":0.95,"lower_bound":1555.04445469153,"upper_bound":1655.4483466916533},"point_estimate":1600.9154980812934,"standard_error":25.69906839939496},"Median":{"confidence_interval":{"confidence_level":0.95,"lower_bound":1492.9163902708679,"upper_bound":1546.1869326434278},"point_estimate":1513.736350895577,"standard_error":14.357522032409495},"MedianAbsDev":{"confidence_interval":{"confidence_level":0.95,"lower_bound":54.19925587707307,"upper_bound":110.62408117735902},"point_estimate":73.64616078498399,"standard_error":14.406099115311397},"Slope":{"confidence_interval":{"confidence_level":0.95,"lower_bound":1508.6259268612325,"upper_bound":1567.6489276595705},"point_estimate":1535.387349583217,"standard_error":15.069964674699824},"StdDev":{"confidence_interval":{"confidence_level":0.95,"lower_bound":144.12857543185493,"upper_bound":352.5198596391495},"point_estimate":257.8906326573917,"standard_error":53.42327047928412}}