{"Mean":{"confidence_interval":{"confidence_level":0.95,"lower_bound":1428.6073809819536,"upper_bound":1456.2151301152926},"point_estimate":1442.1533805304625,"standard_error":7.023245582983795},"Median":{"confidence_interval":{"confidence_level":0.95,"lower_bound":1408.0562798892524,"upper_bound":1454.8161974278762},"point_estimate":1428.4805654987213,"standard_error":13.089921667458148},"MedianAbsDev":{"confidence_interval":{"confidence_level":0.95,"lower_bound":58.18993823644573,"upper_bound":92.29913963428183},"point_estimate":83.07898123823048,"standard_error":8.981558765294402},"Slope":{"confidence_interval":{"confidence_level":0.95,"lower_bound":1412.869923515622,"upper_bound":1441.0205531508448},"point_estimate":1426.578644137123,"standard_error":7.172250539068165},"StdDev":{"confidence_interval":{"confidence_level":0.95,"lower_bound":59.139741746071515,"upper_bound":81.85365305497034},"point_estimate":70.83915299752087,"standard_error":5.803315409548824}}